Intersections	4_Intersections/1.jpg	int001	001
Intersections	4_Intersections/2.jpg	int002	002
Intersections	4_Intersections/3.jpg	int003	003
Intersections	4_Intersections/4.jpg	int004	004
Intersections	4_Intersections/5.jpg	int005	005
Intersections	4_Intersections/6.jpg	int006	006
Intersections	4_Intersections/7.jpg	int007	007
Intersections	4_Intersections/8.jpg	int008	008
Intersections	4_Intersections/9.jpg	int009	009
Intersections	4_Intersections/10.jpg	int010	010
Intersections	4_Intersections/11.jpg	int011	011
Intersections	4_Intersections/12.jpg	int012	012
Intersections	4_Intersections/13.jpg	int013	013
Intersections	4_Intersections/14.jpg	int014	014
Intersections	4_Intersections/15.jpg	int015	015
Intersections	4_Intersections/16.jpg	int016	016
Intersections	4_Intersections/17.jpg	int017	017
Intersections	4_Intersections/18.jpg	int018	018
Intersections	4_Intersections/19.jpg	int019	019
Intersections	4_Intersections/20.jpg	int020	020
Intersections	4_Intersections/21.jpg	int021	021
Intersections	4_Intersections/22.jpg	int022	022
Intersections	4_Intersections/23.jpg	int023	023
Intersections	4_Intersections/24.jpg	int024	024
Intersections	4_Intersections/25.jpg	int025	025
Intersections	4_Intersections/26.jpg	int026	026
Intersections	4_Intersections/27.jpg	int027	027
Intersections	4_Intersections/28.jpg	int028	028
Intersections	4_Intersections/29.jpg	int029	029
Intersections	4_Intersections/30.jpg	int030	030
Intersections	4_Intersections/31.jpg	int031	031
Intersections	4_Intersections/32.jpg	int032	032
Intersections	4_Intersections/33.jpg	int033	033
Intersections	4_Intersections/34.jpg	int034	034
Intersections	4_Intersections/35.jpg	int035	035
Intersections	4_Intersections/36.jpg	int036	036
Intersections	4_Intersections/37.jpg	int037	037
Intersections	4_Intersections/38.jpg	int038	038
Intersections	4_Intersections/39.jpg	int039	039
Intersections	4_Intersections/40.jpg	int040	040
Intersections	4_Intersections/41.jpg	int041	041
Intersections	4_Intersections/42.jpg	int042	042
Intersections	4_Intersections/43.jpg	int043	043
Intersections	4_Intersections/44.jpg	int044	044
Intersections	4_Intersections/45.jpg	int045	045
Intersections	4_Intersections/46.jpg	int046	046
Intersections	4_Intersections/47.jpg	int047	047
Intersections	4_Intersections/48.jpg	int048	048
Intersections	4_Intersections/49.jpg	int049	049
Intersections	4_Intersections/50.jpg	int050	050
Intersections	4_Intersections/51.jpg	int051	051
General Knowledge	1_General/1-2.jpg	gen001	001
General Knowledge	1_General/2.jpg	gen002	002
General Knowledge	1_General/3.jpg	gen003	003
General Knowledge	1_General/4.jpg	gen004	004
General Knowledge	1_General/5.jpg	gen005	005
General Knowledge	1_General/6.jpg	gen006	006
General Knowledge	1_General/7.jpg	gen007	007
General Knowledge	1_General/8.jpg	gen008	008
General Knowledge	1_General/9.jpg	gen009	009
General Knowledge	1_General/10.jpg	gen010	010
General Knowledge	1_General/11.jpg	gen011	011
General Knowledge	1_General/12.jpg	gen012	012
General Knowledge	1_General/13.jpg	gen013	013
General Knowledge	1_General/14.jpg	gen014	014
General Knowledge	1_General/15.jpg	gen015	015
General Knowledge	1_General/16.jpg	gen016	016
General Knowledge	1_General/17.jpg	gen017	017
General Knowledge	1_General/18.jpg	gen018	018
General Knowledge	1_General/19.jpg	gen019	019
General Knowledge	1_General/20.jpg	gen020	020
General Knowledge	1_General/21.jpg	gen021	021
General Knowledge	1_General/22.jpg	gen022	022
General Knowledge	1_General/23.jpg	gen023	023
General Knowledge	1_General/24.jpg	gen024	024
General Knowledge	1_General/25.jpg	gen025	025
General Knowledge	1_General/26.jpg	gen026	026
General Knowledge	1_General/27.jpg	gen027	027
General Knowledge	1_General/28.jpg	gen028	028
General Knowledge	1_General/29.jpg	gen029	029
General Knowledge	1_General/30.jpg	gen030	030
General Knowledge	1_General/31.jpg	gen031	031
General Knowledge	1_General/32.jpg	gen032	032
General Knowledge	1_General/33.jpg	gen033	033
General Knowledge	1_General/34.jpg	gen034	034
General Knowledge	1_General/35.jpg	gen035	035
General Knowledge	1_General/36.jpg	gen036	036
General Knowledge	1_General/37.jpg	gen037	037
General Knowledge	1_General/38.jpg	gen038	038
General Knowledge	1_General/39.jpg	gen039	039
General Knowledge	1_General/40.jpg	gen040	040
General Knowledge	1_General/41.jpg	gen041	041
General Knowledge	1_General/42.jpg	gen042	042
General Knowledge	1_General/43.jpg	gen043	043
General Knowledge	1_General/44.jpg	gen044	044
General Knowledge	1_General/45.jpg	gen045	045
General Knowledge	1_General/46.jpg	gen046	046
General Knowledge	1_General/47.jpg	gen047	047
General Knowledge	1_General/48.jpg	gen048	048
General Knowledge	1_General/49.jpg	gen049	049
General Knowledge	1_General/50.jpg	gen050	050
General Knowledge	1_General/51.jpg	gen051	051
General Knowledge	1_General/52.jpg	gen052	052
General Knowledge	1_General/53.jpg	gen053	053
General Knowledge	1_General/54.jpg	gen054	054
General Knowledge	1_General/55.jpg	gen055	055
General Knowledge	1_General/56.jpg	gen056	056
General Knowledge	1_General/57.jpg	gen057	057
General Knowledge	1_General/58.jpg	gen058	058
General Knowledge	1_General/59.jpg	gen059	059
General Knowledge	1_General/60.jpg	gen060	060
General Knowledge	1_General/61.jpg	gen061	061
General Knowledge	1_General/62.jpg	gen062	062
General Knowledge	1_General/63.jpg	gen063	063
General Knowledge	1_General/64.jpg	gen064	064
General Knowledge	1_General/65.jpg	gen065	065
General Knowledge	1_General/66.jpg	gen066	066
General Knowledge	1_General/67.jpg	gen067	067
General Knowledge	1_General/68.jpg	gen068	068
General Knowledge	1_General/69.jpg	gen069	069
General Knowledge	1_General/70.jpg	gen070	070
General Knowledge	1_General/71.jpg	gen071	071
General Knowledge	1_General/72.jpg	gen072	072
General Knowledge	1_General/73.jpg	gen073	073
General Knowledge	1_General/74.jpg	gen074	074
General Knowledge	1_General/75.jpg	gen075	075
General Knowledge	1_General/76.jpg	gen076	076
General Knowledge	1_General/77.jpg	gen077	077
General Knowledge	1_General/78.jpg	gen078	078
General Knowledge	1_General/79.jpg	gen079	079
Alcohol and Drugs	2_Alcohol & Drugs/1.jpg	alc001	001
Alcohol and Drugs	2_Alcohol & Drugs/2.jpg	alc002	002
Alcohol and Drugs	2_Alcohol & Drugs/3.jpg	alc003	003
Alcohol and Drugs	2_Alcohol & Drugs/4.jpg	alc004	004
Alcohol and Drugs	2_Alcohol & Drugs/5.jpg	alc005	005
Alcohol and Drugs	2_Alcohol & Drugs/6.jpg	alc006	006
Alcohol and Drugs	2_Alcohol & Drugs/7.jpg	alc007	007
Alcohol and Drugs	2_Alcohol & Drugs/8.jpg	alc008	008
Alcohol and Drugs	2_Alcohol & Drugs/9.jpg	alc009	009
Alcohol and Drugs	2_Alcohol & Drugs/10.jpg	alc010	010
Alcohol and Drugs	2_Alcohol & Drugs/11.jpg	alc011	011
Alcohol and Drugs	2_Alcohol & Drugs/12.jpg	alc012	012
Alcohol and Drugs	2_Alcohol & Drugs/13.jpg	alc013	013
Alcohol and Drugs	2_Alcohol & Drugs/14.jpg	alc014	014
Alcohol and Drugs	2_Alcohol & Drugs/15.jpg	alc015	015
Alcohol and Drugs	2_Alcohol & Drugs/16.jpg	alc016	016
Alcohol and Drugs	2_Alcohol & Drugs/17.jpg	alc017	017
Alcohol and Drugs	2_Alcohol & Drugs/18.jpg	alc018	018
Alcohol and Drugs	2_Alcohol & Drugs/19.jpg	alc019	019
Alcohol and Drugs	2_Alcohol & Drugs/20.jpg	alc020	020
Alcohol and Drugs	2_Alcohol & Drugs/21.jpg	alc021	021
Fatigue and Driving	3_Fatigue & driving/1.jpg	fat001	001
Fatigue and Driving	3_Fatigue & driving/2.jpg	fat002	002
Fatigue and Driving	3_Fatigue & driving/3.jpg	fat003	003
Fatigue and Driving	3_Fatigue & driving/4.jpg	fat004	004
Fatigue and Driving	3_Fatigue & driving/5.jpg	fat005	005
Fatigue and Driving	3_Fatigue & driving/6.jpg	fat006	006
Fatigue and Driving	3_Fatigue & driving/7.jpg	fat007	007
Fatigue and Driving	3_Fatigue & driving/8.jpg	fat008	008
Fatigue and Driving	3_Fatigue & driving/9.jpg	fat009	009
Fatigue and Driving	3_Fatigue & driving/10.jpg	fat010	010
Fatigue and Driving	3_Fatigue & driving/11.jpg	fat011	011
Fatigue and Driving	3_Fatigue & driving/12.jpg	fat012	012
Fatigue and Driving	3_Fatigue & driving/13.jpg	fat013	013
Fatigue and Driving	3_Fatigue & driving/14.jpg	fat014	014
Fatigue and Driving	3_Fatigue & driving/15.jpg	fat015	015
Fatigue and Driving	3_Fatigue & driving/16.jpg	fat016	016
Fatigue and Driving	3_Fatigue & driving/17.jpg	fat017	017
Fatigue and Driving	3_Fatigue & driving/18.jpg	fat018	018
Fatigue and Driving	3_Fatigue & driving/19.jpg	fat019	019
Fatigue and Driving	3_Fatigue & driving/20.jpg	fat020	020
Fatigue and Driving	3_Fatigue & driving/21.jpg	fat021	021
Fatigue and Driving	3_Fatigue & driving/22.jpg	fat022	022
Fatigue and Driving	3_Fatigue & driving/23.jpg	fat023	023
Fatigue and Driving	3_Fatigue & driving/24.jpg	fat024	024
Traffic Lanes	5_Traffic Lanes/1.jpg	lan001	001
Traffic Lanes	5_Traffic Lanes/2.jpg	lan002	002
Traffic Lanes	5_Traffic Lanes/3.jpg	lan003	003
Traffic Lanes	5_Traffic Lanes/4.jpg	lan004	004
Traffic Lanes	5_Traffic Lanes/5.jpg	lan005	005
Traffic Lanes	5_Traffic Lanes/6.jpg	lan006	006
Traffic Lanes	5_Traffic Lanes/7.jpg	lan007	007
Traffic Lanes	5_Traffic Lanes/8.jpg	lan008	008
Traffic Lanes	5_Traffic Lanes/9.jpg	lan009	009
Traffic Lanes	5_Traffic Lanes/10.jpg	lan010	010
Traffic Lanes	5_Traffic Lanes/11.jpg	lan011	011
Traffic Lanes	5_Traffic Lanes/12.jpg	lan012	012
Traffic Lanes	5_Traffic Lanes/13.jpg	lan013	013
Traffic Lanes	5_Traffic Lanes/14.jpg	lan014	014
Traffic Lanes	5_Traffic Lanes/15.jpg	lan015	015
Traffic Lanes	5_Traffic Lanes/16.jpg	lan016	016
Traffic Lanes	5_Traffic Lanes/17.jpg	lan017	017
Traffic Lanes	5_Traffic Lanes/18.jpg	lan018	018
Traffic Lanes	5_Traffic Lanes/19.jpg	lan019	019
Traffic Lanes	5_Traffic Lanes/20.jpg	lan020	020
Traffic Lanes	5_Traffic Lanes/21.jpg	lan021	021
Traffic Lanes	5_Traffic Lanes/22.jpg	lan022	022
Traffic Lanes	5_Traffic Lanes/23.jpg	lan023	023
Traffic Lanes	5_Traffic Lanes/24.jpg	lan024	024
Traffic Lanes	5_Traffic Lanes/25.jpg	lan025	025
Traffic Lanes	5_Traffic Lanes/26.jpg	lan026	026
Traffic Lanes	5_Traffic Lanes/27.jpg	lan027	027
Traffic Lanes	5_Traffic Lanes/28.jpg	lan028	028
Traffic Lanes	5_Traffic Lanes/29.jpg	lan029	029
Traffic Lanes	5_Traffic Lanes/30.jpg	lan030	030
Traffic Lanes	5_Traffic Lanes/31.jpg	lan031	031
Traffic Lanes	5_Traffic Lanes/32.jpg	lan032	032
Traffic Lanes	5_Traffic Lanes/33.jpg	lan033	033
Traffic Lanes	5_Traffic Lanes/34.jpg	lan034	034
Traffic Lanes	5_Traffic Lanes/35.jpg	lan035	035
Traffic Lanes	5_Traffic Lanes/36.jpg	lan036	036
Traffic Lanes	5_Traffic Lanes/37.jpg	lan037	037
Traffic Lanes	5_Traffic Lanes/38.jpg	lan038	038
Traffic Lanes	5_Traffic Lanes/39.jpg	lan039	039
Traffic Lanes	5_Traffic Lanes/40.jpg	lan040	040
Traffic Lanes	5_Traffic Lanes/41.jpg	lan041	041
Traffic Lanes	5_Traffic Lanes/42.jpg	lan042	042
Traffic Lanes	5_Traffic Lanes/43.jpg	lan043	043
Traffic Lanes	5_Traffic Lanes/44.jpg	lan044	044
Traffic Lanes	5_Traffic Lanes/45.jpg	lan045	045
Negligent Driving	6_Negligent Driving/1.jpg	neg001	001
Negligent Driving	6_Negligent Driving/2.jpg	neg002	002
Negligent Driving	6_Negligent Driving/3.jpg	neg003	003
Negligent Driving	6_Negligent Driving/4.jpg	neg004	004
Negligent Driving	6_Negligent Driving/5.jpg	neg005	005
Negligent Driving	6_Negligent Driving/6.jpg	neg006	006
Negligent Driving	6_Negligent Driving/7.jpg	neg007	007
Negligent Driving	6_Negligent Driving/8.jpg	neg008	008
Negligent Driving	6_Negligent Driving/9.jpg	neg009	009
Negligent Driving	6_Negligent Driving/10.jpg	neg010	010
Negligent Driving	6_Negligent Driving/11.jpg	neg011	011
Negligent Driving	6_Negligent Driving/12.jpg	neg012	012
Negligent Driving	6_Negligent Driving/13.jpg	neg013	013
Negligent Driving	6_Negligent Driving/14.jpg	neg014	014
Negligent Driving	6_Negligent Driving/15.jpg	neg015	015
Negligent Driving	6_Negligent Driving/16.jpg	neg016	016
Negligent Driving	6_Negligent Driving/17.jpg	neg017	017
Negligent Driving	6_Negligent Driving/18.jpg	neg018	018
Negligent Driving	6_Negligent Driving/19.jpg	neg019	019
Negligent Driving	6_Negligent Driving/20.jpg	neg020	020
Negligent Driving	6_Negligent Driving/21.jpg	neg021	021
Negligent Driving	6_Negligent Driving/22.jpg	neg022	022
Negligent Driving	6_Negligent Driving/23.jpg	neg023	023
Negligent Driving	6_Negligent Driving/24.jpg	neg024	024
Negligent Driving	6_Negligent Driving/25.jpg	neg025	025
Negligent Driving	6_Negligent Driving/26.jpg	neg026	026
Negligent Driving	6_Negligent Driving/27.jpg	neg027	027
Negligent Driving	6_Negligent Driving/28.jpg	neg028	028
Negligent Driving	6_Negligent Driving/29.jpg	neg029	029
Pedestrians	7_Pedestrians/1.jpg	ped001	001
Pedestrians	7_Pedestrians/2.jpg	ped002	002
Pedestrians	7_Pedestrians/3.jpg	ped003	003
Pedestrians	7_Pedestrians/4.jpg	ped004	004
Pedestrians	7_Pedestrians/5.jpg	ped005	005
Pedestrians	7_Pedestrians/6.jpg	ped006	006
Pedestrians	7_Pedestrians/7.jpg	ped007	007
Pedestrians	7_Pedestrians/8.jpg	ped008	008
Pedestrians	7_Pedestrians/9.jpg	ped009	009
Pedestrians	7_Pedestrians/10.jpg	ped010	010
Pedestrians	7_Pedestrians/11.jpg	ped011	011
Pedestrians	7_Pedestrians/12.jpg	ped012	012
Pedestrians	7_Pedestrians/13.jpg	ped013	013
Pedestrians	7_Pedestrians/14.jpg	ped014	014
Pedestrians	7_Pedestrians/15.jpg	ped015	015
Pedestrians	7_Pedestrians/16.jpg	ped016	016
Pedestrians	7_Pedestrians/17.jpg	ped017	017
Pedestrians	7_Pedestrians/18.jpg	ped018	018
Pedestrians	7_Pedestrians/19.jpg	ped019	019
Pedestrians	7_Pedestrians/20.jpg	ped020	020
Pedestrians	7_Pedestrians/21.jpg	ped021	021
Pedestrians	7_Pedestrians/22.jpg	ped022	022
Pedestrians	7_Pedestrians/23.jpg	ped023	023
Pedestrians	7_Pedestrians/24.jpg	ped024	024
Pedestrians	7_Pedestrians/25.jpg	ped025	025
Pedestrians	7_Pedestrians/26.jpg	ped026	026
Pedestrians	7_Pedestrians/27.jpg	ped027	027
Pedestrians	7_Pedestrians/28.jpg	ped028	028
Seat Belts	8_Seat Belts/1.jpg	stb001	001
Seat Belts	8_Seat Belts/2.jpg	stb002	002
Seat Belts	8_Seat Belts/3.jpg	stb003	003
Seat Belts	8_Seat Belts/4.jpg	stb004	004
Seat Belts	8_Seat Belts/5.jpg	stb005	005
Seat Belts	8_Seat Belts/6.jpg	stb006	006
Seat Belts	8_Seat Belts/7.jpg	stb007	007
Seat Belts	8_Seat Belts/8.jpg	stb008	008
Seat Belts	8_Seat Belts/9.jpg	stb009	009
Seat Belts	8_Seat Belts/10.jpg	stb010	010
Seat Belts	8_Seat Belts/11.jpg	stb011	011
Seat Belts	8_Seat Belts/12.jpg	stb012	012
Speed Limits	9_Speed Limits/1.jpg	spl001	001
Speed Limits	9_Speed Limits/2.jpg	spl002	002
Speed Limits	9_Speed Limits/3.jpg	spl003	003
Speed Limits	9_Speed Limits/4.jpg	spl004	004
Speed Limits	9_Speed Limits/5.jpg	spl005	005
Speed Limits	9_Speed Limits/6.jpg	spl006	006
Speed Limits	9_Speed Limits/7.jpg	spl007	007
Speed Limits	9_Speed Limits/8.jpg	spl008	008
Speed Limits	9_Speed Limits/9.jpg	spl009	009
Speed Limits	9_Speed Limits/10.jpg	spl010	010
Speed Limits	9_Speed Limits/11.jpg	spl011	011
Speed Limits	9_Speed Limits/12.jpg	spl012	012
Speed Limits	9_Speed Limits/13.jpg	spl013	013
Street Signs	10_Street Signs/1.jpg	sgn001	001
Street Signs	10_Street Signs/2.jpg	sgn002	002
Street Signs	10_Street Signs/3.jpg	sgn003	003
Street Signs	10_Street Signs/4.jpg	sgn004	004
Street Signs	10_Street Signs/5.jpg	sgn005	005
Street Signs	10_Street Signs/6.jpg	sgn006	006
Street Signs	10_Street Signs/7.jpg	sgn007	007
Street Signs	10_Street Signs/8.jpg	sgn008	008
Street Signs	10_Street Signs/9.jpg	sgn009	009
Street Signs	10_Street Signs/10.jpg	sgn010	010
Street Signs	10_Street Signs/11.jpg	sgn011	011
Street Signs	10_Street Signs/12.jpg	sgn012	012
Street Signs	10_Street Signs/13.jpg	sgn013	013
Street Signs	10_Street Signs/14.jpg	sgn014	014
Street Signs	10_Street Signs/15.jpg	sgn015	015
Street Signs	10_Street Signs/16.jpg	sgn016	016
Street Signs	10_Street Signs/17.jpg	sgn017	017
Street Signs	10_Street Signs/18.jpg	sgn018	018
Street Signs	10_Street Signs/19.jpg	sgn019	019
Street Signs	10_Street Signs/20.jpg	sgn020	020
Street Signs	10_Street Signs/21.jpg	sgn021	021
Street Signs	10_Street Signs/22.jpg	sgn022	022
Street Signs	10_Street Signs/23.jpg	sgn023	023
Street Signs	10_Street Signs/24.jpg	sgn024	024
Street Signs	10_Street Signs/25.jpg	sgn025	025
Street Signs	10_Street Signs/26.jpg	sgn026	026
Street Signs	10_Street Signs/27.jpg	sgn027	027
Street Signs	10_Street Signs/28.jpg	sgn028	028
Street Signs	10_Street Signs/29.jpg	sgn029	029
Street Signs	10_Street Signs/30.jpg	sgn030	030
Street Signs	10_Street Signs/31.jpg	sgn031	031
Street Signs	10_Street Signs/32.jpg	sgn032	032
Street Signs	10_Street Signs/33.jpg	sgn033	033
Street Signs	10_Street Signs/34.jpg	sgn034	034
Street Signs	10_Street Signs/35.jpg	sgn035	035
Street Signs	10_Street Signs/36.jpg	sgn036	036
Street Signs	10_Street Signs/37.jpg	sgn037	037
Street Signs	10_Street Signs/38.jpg	sgn038	038
Street Signs	10_Street Signs/39.jpg	sgn039	039
Street Signs	10_Street Signs/40.jpg	sgn040	040
Street Signs	10_Street Signs/41.jpg	sgn041	041
Street Signs	10_Street Signs/42.jpg	sgn042	042
Street Signs	10_Street Signs/43.jpg	sgn043	043
Street Signs	10_Street Signs/44.jpg	sgn044	044
Street Signs	10_Street Signs/45.jpg	sgn045	045
Street Signs	10_Street Signs/46.jpg	sgn046	046
Street Signs	10_Street Signs/47.jpg	sgn047	047
Street Signs	10_Street Signs/48.jpg	sgn048	048
Street Signs	10_Street Signs/49.jpg	sgn049	049
Street Signs	10_Street Signs/50.jpg	sgn050	050
Street Signs	10_Street Signs/51.jpg	sgn051	051
